#,Unnamed: 1
"""Местное время на Мысе Болванский"";""T"";""Po"";""P"";""Pa"";""U"";""DD"";""Ff"";""ff10"";""ff3"";""N"";""WW"";""W1"";""W2"";""Tn"";""Tx"";""Cl"";""Nh"";""H"";""Cm"";""Ch"";""VV"";""Td"";""RRR"";""tR"";""E"";""Tg"";""E'""","""sss"""
"""15.05.2023 12:00"";""-0.4"";""753.7"";""754.9"";""0.6"";""80"";""Ветер, дующий с северо-северо-запада"";""16"";"""";""20"";"""";"" "";"""";"""";"""";"""";"""";"""";"""";"""";"""";"""";""-3.4"";"""";"""";"""";"""";"""";""""",
"""15.05.2023 09:00"";""0.0"";""753.1"";""754.3"";""1.4"";""84"";""Ветер, дующий с северо-запада"";""13"";"""";""17"";"""";"" "";"""";"""";"""";"""";"""";"""";"""";"""";"""";"""";""-2.4"";"""";"""";"""";"""";"""";""""",
"""15.05.2023 06:00"";""-0.1"";""751.7"";""752.9"";""0.1"";""86"";""Ветер, дующий с северо-запада"";""14"";"""";""20"";"""";"" "";"""";"""";"""";"""";"""";"""";"""";"""";"""";"""";""-2.2"";"""";"""";"""";"""";"""";""""",
"""15.05.2023 03:00"";""0.1"";""751.6"";""752.8"";""0.7"";""87"";""Ветер, дующий с северо-запада"";""13"";"""";""20"";"""";"" "";"""";"""";"""";"""";"""";"""";"""";"""";"""";"""";""-1.8"";"""";"""";"""";"""";"""";""""",
"""15.05.2023 00:00"";""0.5"";""750.9"";""752.1"";""0.5"";""88"";""Ветер, дующий с северо-запада"";""14"";"""";""19"";"""";"" "";"""";"""";"""";"""";"""";"""";"""";"""";"""";"""";""-1.3"";"""";"""";"""";"""";"""";""""",
"""14.05.2023 21:00"";""0.4"";""750.4"";""751.6"";""-0.8"";""94"";""Ветер, дующий с западо-северо-запада"";""14"";"""";""17"";"""";"" "";"""";"""";"""";"""";"""";"""";"""";"""";"""";"""";""-0.5"";"""";"""";"""";"""";"""";""""",
"""14.05.2023 18:00"";""0.9"";""751.2"";""752.4"";""-0.7"";""96"";""Ветер, дующий с западо-северо-запада"";""12"";"""";""16"";"""";"" "";"""";"""";"""";"""";"""";"""";"""";"""";"""";"""";""0.3"";"""";"""";"""";"""";"""";""""",
"""14.05.2023 15:00"";""0.7"";""751.9"";""753.1"";""-0.8"";""99"";""Ветер, дующий с запада"";""13"";"""";""21"";"""";"" "";"""";"""";"""";"""";"""";"""";"""";"""";"""";"""";""0.6"";"""";"""";"""";"""";"""";""""",
"""14.05.2023 12:00"";""0.8"";""752.7"";""753.8"";""-2.7"";""96"";""Ветер, дующий с запада"";""17"";"""";""21"";"""";"" "";"""";"""";"""";"""";"""";"""";"""";"""";"""";"""";""0.2"";"""";"""";"""";"""";"""";""""",
"""14.05.2023 09:00"";""0.5"";""755.4"";""756.6"";""-3.0"";""96"";""Ветер, дующий с западо-юго-запада"";""16"";"""";""19"";"""";"" "";"""";"""";"""";"""";"""";"""";"""";"""";"""";"""";""-0.1"";"""";"""";"""";"""";"""";""""",
"""14.05.2023 06:00"";""-0.4"";""758.4"";""759.6"";""-2.5"";""99"";""Ветер, дующий с запада"";""13"";"""";""17"";"""";"" "";"""";"""";"""";"""";"""";"""";"""";"""";"""";"""";""-0.5"";"""";"""";"""";"""";"""";""""",
"""14.05.2023 03:00"";""-1.3"";""760.9"";""762.1"";""-1.4"";""89"";""Ветер, дующий с запада"";""8"";"""";"""";"""";"" "";"""";"""";"""";"""";"""";"""";"""";"""";"""";"""";""-2.9"";"""";"""";"""";"""";"""";""""",
"""14.05.2023 00:00"";""-2.4"";""762.3"";""763.5"";""-0.8"";""83"";""Ветер, дующий с западо-северо-запада"";""9"";"""";"""";"""";"" "";"""";"""";"""";"""";"""";"""";"""";"""";"""";"""";""-5.0"";"""";"""";"""";"""";"""";""""",
"""13.05.2023 21:00"";""-3.2"";""763.1"";""764.3"";""0.1"";""83"";""Ветер, дующий с северо-запада"";""6"";"""";"""";"""";"" "";"""";"""";"""";"""";"""";"""";"""";"""";"""";"""";""-5.7"";"""";"""";"""";"""";"""";""""",
"""13.05.2023 18:00"";""-2.7"";""763.0"";""764.2"";""0.8"";""80"";""Ветер, дующий с северо-запада"";""6"";"""";"""";"""";"" "";"""";"""";"""";"""";"""";"""";"""";"""";"""";"""";""-5.7"";"""";"""";"""";"""";"""";""""",
"""13.05.2023 15:00"";""-2.6"";""762.2"";""763.5"";""1.8"";""78"";""Ветер, дующий с севера"";""6"";"""";"""";"""";"" "";"""";"""";"""";"""";"""";"""";"""";"""";"""";"""";""-5.9"";"""";"""";"""";"""";"""";""""",
"""13.05.2023 12:00"";""-2.6"";""760.4"";""761.6"";""3.1"";""81"";""Ветер, дующий с севера"";""7"";"""";""13"";"""";"" "";"""";"""";"""";"""";"""";"""";"""";"""";"""";"""";""-5.4"";"""";"""";"""";"""";"""";""""",
"""13.05.2023 09:00"";""-2.2"";""757.3"";""758.5"";""3.0"";""87"";""Ветер, дующий с северо-северо-востока"";""10"";"""";""17"";"""";"" "";"""";"""";"""";"""";"""";"""";"""";"""";"""";"""";""-4.1"";"""";"""";"""";"""";"""";""""",
"""13.05.2023 06:00"";""0.2"";""754.3"";""755.5"";""0.5"";""99"";""Ветер, дующий с северо-запада"";""7"";"""";"""";"""";"" "";"""";"""";"""";"""";"""";"""";"""";"""";"""";"""";""0.1"";"""";"""";"""";"""";"""";""""",
"""13.05.2023 03:00"";""-0.2"";""753.8"";""755.0"";""-1.1"";""96"";""Ветер, дующий с запада"";""9"";"""";"""";"""";"" "";"""";"""";"""";"""";"""";"""";"""";"""";"""";"""";""-0.8"";"""";"""";"""";"""";"""";""""",
"""13.05.2023 00:00"";""-1.0"";""754.9"";""756.1"";""-1.8"";""92"";""Ветер, дующий с юго-запада"";""7"";"""";"""";"""";"" "";"""";"""";"""";"""";"""";"""";"""";"""";"""";"""";""-2.1"";"""";"""";"""";"""";"""";""""",
"""12.05.2023 21:00"";""-2.2"";""756.7"";""757.9"";""-1.8"";""91"";""Ветер, дующий с юго-юго-запада"";""8"";"""";"""";"""";"" "";"""";"""";"""";"""";"""";"""";"""";"""";"""";"""";""-3.5"";"""";"""";"""";"""";"""";""""",
"""12.05.2023 18:00"";""-1.8"";""758.5"";""759.7"";""-1.9"";""88"";""Ветер, дующий с юго-юго-запада"";""10"";"""";""14"";"""";"" "";"""";"""";"""";"""";"""";"""";"""";"""";"""";"""";""-3.5"";"""";"""";"""";"""";"""";""""",
"""12.05.2023 15:00"";""-1.1"";""760.4"";""761.6"";""-1.4"";""85"";""Ветер, дующий с юга"";""10"";"""";""13"";"""";"" "";"""";"""";"""";"""";"""";"""";"""";"""";"""";"""";""-3.3"";"""";"""";"""";"""";"""";""""",
"""12.05.2023 12:00"";""-1.2"";""761.8"";""763.0"";""-1.4"";""86"";""Ветер, дующий с юга"";""8"";"""";"""";"""";"" "";"""";"""";"""";"""";"""";"""";"""";"""";"""";"""";""-3.2"";"""";"""";"""";"""";"""";""""",
"""12.05.2023 09:00"";""-3.5"";""763.2"";""764.5"";""-1.3"";""90"";""Ветер, дующий с юго-юго-востока"";""7"";"""";"""";"""";"" "";"""";"""";"""";"""";"""";"""";"""";"""";"""";"""";""-4.9"";"""";"""";"""";"""";"""";""""",
"""12.05.2023 06:00"";""-4.8"";""764.5"";""765.7"";""-1.0"";""93"";""Ветер, дующий с юго-юго-востока"";""7"";"""";"""";"""";"" "";"""";"""";"""";"""";"""";"""";"""";"""";"""";"""";""-5.8"";"""";"""";"""";"""";"""";""""",
"""12.05.2023 03:00"";""-3.5"";""765.5"";""766.7"";""-0.8"";""92"";""Ветер, дующий с юго-востока"";""6"";"""";"""";"""";"" "";"""";"""";"""";"""";"""";"""";"""";"""";"""";"""";""-4.6"";"""";"""";"""";"""";"""";""""",
"""12.05.2023 00:00"";""-3.8"";""766.3"";""767.5"";""-0.4"";""91"";""Ветер, дующий с юго-востока"";""5"";"""";"""";"""";"" "";"""";"""";"""";"""";"""";"""";"""";"""";"""";"""";""-5.1"";"""";"""";"""";"""";"""";""""",
"""11.05.2023 21:00"";""-4.3"";""766.7"";""768.0"";""-0.3"";""90"";""Ветер, дующий с юго-востока"";""8"";"""";"""";"""";"" "";"""";"""";"""";"""";"""";"""";"""";"""";"""";"""";""-5.7"";"""";"""";"""";"""";"""";""""",
"""11.05.2023 18:00"";""-4.0"";""767.0"";""768.3"";""-0.2"";""89"";""Ветер, дующий с юго-востока"";""7"";"""";"""";"""";"" "";"""";"""";"""";"""";"""";"""";"""";"""";"""";"""";""-5.5"";"""";"""";"""";"""";"""";""""",
"""11.05.2023 15:00"";""-3.7"";""767.2"";""768.5"";""-0.2"";""89"";""Ветер, дующий с юго-востока"";""7"";"""";"""";"""";"" "";"""";"""";"""";"""";"""";"""";"""";"""";"""";"""";""-5.2"";"""";"""";"""";"""";"""";""""",
"""11.05.2023 12:00"";""-3.6"";""767.4"";""768.7"";""0.4"";""89"";""Ветер, дующий с востоко-юго-востока"";""7"";"""";"""";"""";"" "";"""";"""";"""";"""";"""";"""";"""";"""";"""";"""";""-5.1"";"""";"""";"""";"""";"""";""""",
"""11.05.2023 09:00"";""-3.5"";""767.0"";""768.3"";""0.1"";""93"";""Ветер, дующий с востоко-юго-востока"";""6"";"""";"""";"""";"" "";"""";"""";"""";"""";"""";"""";"""";"""";"""";"""";""-4.5"";"""";"""";"""";"""";"""";""""",
"""11.05.2023 06:00"";""-3.2"";""766.9"";""768.1"";""0.3"";""90"";""Ветер, дующий с юго-востока"";""5"";"""";"""";"""";"" "";"""";"""";"""";"""";"""";"""";"""";"""";"""";"""";""-4.6"";"""";"""";"""";"""";"""";""""",
"""11.05.2023 03:00"";""-3.9"";""766.6"";""767.8"";""0.0"";""86"";""Ветер, дующий с юго-юго-востока"";""6"";"""";"""";"""";"" "";"""";"""";"""";"""";"""";"""";"""";"""";"""";"""";""-6.0"";"""";"""";"""";"""";"""";""""",
"""11.05.2023 00:00"";""-4.2"";""766.6"";""767.8"";""-0.1"";""84"";""Ветер, дующий с юга"";""5"";"""";"""";"""";"" "";"""";"""";"""";"""";"""";"""";"""";"""";"""";"""";""-6.5"";"""";"""";"""";"""";"""";""""",
"""10.05.2023 21:00"";""-4.1"";""766.7"";""768.0"";""0.0"";""83"";""Ветер, дующий с юга"";""3"";"""";"""";"""";"" "";"""";"""";"""";"""";"""";"""";"""";"""";"""";"""";""-6.6"";"""";"""";"""";"""";"""";""""",
"""10.05.2023 18:00"";""-4.1"";""766.7"";""767.9"";""0.5"";""83"";""Ветер, дующий с севера"";""2"";"""";"""";"""";"" "";"""";"""";"""";"""";"""";"""";"""";"""";"""";"""";""-6.6"";"""";"""";"""";"""";"""";""""",
"""10.05.2023 15:00"";""-4.2"";""766.2"";""767.4"";""1.1"";""81"";""Ветер, дующий с севера"";""3"";"""";"""";"""";"" "";"""";"""";"""";"""";"""";"""";"""";"""";"""";"""";""-7.0"";"""";"""";"""";"""";"""";""""",
"""10.05.2023 12:00"";""-4.1"";""765.1"";""766.3"";""1.5"";""82"";""Ветер, дующий с севера"";""3"";"""";"""";"""";"" "";"""";"""";"""";"""";"""";"""";"""";"""";"""";"""";""-6.7"";"""";"""";"""";"""";"""";""""",
"""10.05.2023 09:00"";""-4.7"";""763.6"";""764.8"";""1.6"";""86"";""Ветер, дующий с северо-востока"";""4"";"""";"""";"""";"" "";"""";"""";"""";"""";"""";"""";"""";"""";"""";"""";""-6.7"";"""";"""";"""";"""";"""";""""",
"""10.05.2023 06:00"";""-5.1"";""762.0"";""763.2"";""1.8"";""93"";""Ветер, дующий с северо-востока"";""6"";"""";"""";"""";"" "";"""";"""";"""";"""";"""";"""";"""";"""";"""";"""";""-6.1"";"""";"""";"""";"""";"""";""""",
"""10.05.2023 03:00"";""-4.6"";""760.2"";""761.5"";""1.7"";""91"";""Ветер, дующий с северо-востока"";""7"";"""";"""";"""";"" "";"""";"""";"""";"""";"""";"""";"""";"""";"""";"""";""-5.8"";"""";"""";"""";"""";"""";""""",
"""10.05.2023 00:00"";""-3.9"";""758.5"";""759.7"";""1.5"";""94"";""Ветер, дующий с востоко-северо-востока"";""6"";"""";"""";"""";"" "";"""";"""";"""";"""";"""";"""";"""";"""";"""";"""";""-4.7"";"""";"""";"""";"""";"""";""""",
"""09.05.2023 21:00"";""-1.7"";""757.0"";""758.2"";""1.2"";""96"";""Ветер, дующий с востока"";""5"";"""";"""";"""";"" "";"""";"""";"""";"""";"""";"""";"""";"""";"""";"""";""-2.3"";"""";"""";"""";"""";"""";""""",
"""09.05.2023 18:00"";""-1.1"";""755.8"";""757.0"";""0.9"";""94"";""Ветер, дующий с востоко-юго-востока"";""3"";"""";"""";"""";"" "";"""";"""";"""";"""";"""";"""";"""";"""";"""";"""";""-1.9"";"""";"""";"""";"""";"""";""""",
"""09.05.2023 15:00"";""-0.2"";""754.9"";""756.1"";""0.8"";""94"";""Ветер, дующий с юго-запада"";""4"";"""";"""";"""";"" "";"""";"""";"""";"""";"""";"""";"""";"""";"""";"""";""-1.0"";"""";"""";"""";"""";"""";""""",
"""09.05.2023 12:00"";""0.1"";""754.1"";""755.3"";""0.7"";""93"";""Ветер, дующий с запада"";""4"";"""";"""";"""";"" "";"""";"""";"""";"""";"""";"""";"""";"""";"""";"""";""-0.9"";"""";"""";"""";"""";"""";""""",
"""09.05.2023 09:00"";""-0.6"";""753.4"";""754.6"";""0.5"";""95"";""Ветер, дующий с запада"";""3"";"""";"""";"""";"" "";"""";"""";"""";"""";"""";"""";"""";"""";"""";"""";""-1.3"";"""";"""";"""";"""";"""";""""",
"""09.05.2023 06:00"";""-2.4"";""752.9"";""754.1"";""0.4"";""95"";""Ветер, дующий с западо-северо-запада"";""4"";"""";"""";"""";"" "";"""";"""";"""";"""";"""";"""";"""";"""";"""";"""";""-3.1"";"""";"""";"""";"""";"""";""""",
"""09.05.2023 03:00"";""-2.4"";""752.5"";""753.7"";""0.2"";""97"";""Ветер, дующий с северо-северо-запада"";""7"";"""";"""";"""";"" "";"""";"""";"""";"""";"""";"""";"""";"""";"""";"""";""-2.8"";"""";"""";"""";"""";"""";""""",
"""09.05.2023 00:00"";""-0.7"";""752.3"";""753.5"";""-1.2"";""100"";""Ветер, дующий с запада"";""6"";"""";"""";"""";"" "";"""";"""";"""";"""";"""";"""";"""";"""";"""";"""";""-0.7"";"""";"""";"""";"""";"""";""""",
"""08.05.2023 21:00"";""-1.1"";""753.5"";""754.8"";""-1.7"";""100"";""Ветер, дующий с юго-запада"";""7"";"""";"""";"""";"" "";"""";"""";"""";"""";"""";"""";"""";"""";"""";"""";""-1.1"";"""";"""";"""";"""";"""";""""",
"""08.05.2023 18:00"";""-1.0"";""755.2"";""756.4"";""-1.0"";""99"";""Ветер, дующий с юго-запада"";""6"";"""";"""";"""";"" "";"""";"""";"""";"""";"""";"""";"""";"""";"""";"""";""-1.1"";"""";"""";"""";"""";"""";""""",
"""08.05.2023 15:00"";""-2.3"";""756.2"";""757.4"";""-1.2"";""96"";""Ветер, дующий с юго-запада"";""8"";"""";"""";"""";"" "";"""";"""";"""";"""";"""";"""";"""";"""";"""";"""";""-2.8"";"""";"""";"""";"""";"""";""""",
"""08.05.2023 12:00"";""-4.2"";""757.4"";""758.6"";""-1.1"";""94"";""Ветер, дующий с юго-запада"";""7"";"""";"""";"""";"" "";"""";"""";"""";"""";"""";"""";"""";"""";"""";"""";""-5.0"";"""";"""";"""";"""";"""";""""",
"""08.05.2023 09:00"";""-6.6"";""758.5"";""759.8"";""-1.2"";""88"";""Ветер, дующий с юга"";""3"";"""";"""";"""";"" "";"""";"""";"""";"""";"""";"""";"""";"""";"""";"""";""-8.3"";"""";"""";"""";"""";"""";""""",
"""08.05.2023 06:00"";""-8.0"";""759.7"";""760.9"";""-1.3"";""94"";""Ветер, дующий с запада"";""1"";"""";"""";"""";"" "";"""";"""";"""";"""";"""";"""";"""";"""";"""";"""";""-8.8"";"""";"""";"""";"""";"""";""""",
"""08.05.2023 03:00"";""-11.7"";""761.0"";""762.3"";""-1.0"";""93"";""Ветер, дующий с юга"";""1"";"""";"""";"""";"" "";"""";"""";"""";"""";"""";"""";"""";"""";"""";"""";""-12.6"";"""";"""";"""";"""";"""";""""",
"""08.05.2023 00:00"";""-8.3"";""762.0"";""763.2"";""-1.1"";""91"";""Ветер, дующий с востока"";""3"";"""";"""";"""";"" "";"""";"""";"""";"""";"""";"""";"""";"""";"""";"""";""-9.5"";"""";"""";"""";"""";"""";""""",
"""07.05.2023 21:00"";""-7.6"";""763.1"";""764.4"";""-0.9"";""90"";""Ветер, дующий с востока"";""4"";"""";"""";"""";"" "";"""";"""";"""";"""";"""";"""";"""";"""";"""";"""";""-9.0"";"""";"""";"""";"""";"""";""""",
"""07.05.2023 18:00"";""-7.0"";""764.0"";""765.3"";""-0.2"";""89"";""Ветер, дующий с востока"";""4"";"""";"""";"""";"" "";"""";"""";"""";"""";"""";"""";"""";"""";"""";"""";""-8.5"";"""";"""";"""";"""";"""";""""",
"""07.05.2023 15:00"";""-5.5"";""764.2"";""765.5"";""-0.3"";""85"";""Ветер, дующий с востоко-северо-востока"";""5"";"""";"""";"""";"" "";"""";"""";"""";"""";"""";"""";"""";"""";"""";"""";""-7.6"";"""";"""";"""";"""";"""";""""",
"""07.05.2023 12:00"";""-6.2"";""764.5"";""765.8"";""-0.3"";""93"";""Ветер, дующий с северо-северо-востока"";""4"";"""";"""";"""";"" "";"""";"""";"""";"""";"""";"""";"""";"""";"""";"""";""-7.1"";"""";"""";"""";"""";"""";""""",
"""07.05.2023 09:00"";""-5.4"";""764.8"";""766.1"";""-0.8"";""86"";""Ветер, дующий с севера"";""2"";"""";"""";"""";"" "";"""";"""";"""";"""";"""";"""";"""";"""";"""";"""";""-7.4"";"""";"""";"""";"""";"""";""""",
"""07.05.2023 06:00"";""-5.7"";""765.6"";""766.8"";""-0.5"";""89"";""Ветер, дующий с северо-северо-востока"";""2"";"""";"""";"""";"" "";"""";"""";"""";"""";"""";"""";"""";"""";"""";"""";""-7.2"";"""";"""";"""";"""";"""";""""",
"""07.05.2023 03:00"";""-7.1"";""766.1"";""767.4"";""-0.8"";""91"";""Ветер, дующий с юго-запада"";""3"";"""";"""";"""";"" "";"""";"""";"""";"""";"""";"""";"""";"""";"""";"""";""-8.3"";"""";"""";"""";"""";"""";""""",
"""07.05.2023 00:00"";""-7.2"";""766.9"";""768.1"";""-0.6"";""89"";""Ветер, дующий с юго-запада"";""3"";"""";"""";"""";"" "";"""";"""";"""";"""";"""";"""";"""";"""";"""";"""";""-8.7"";"""";"""";"""";"""";"""";""""",
"""06.05.2023 21:00"";""-8.4"";""767.5"";""768.7"";""-0.3"";""92"";""Ветер, дующий с юго-юго-запада"";""3"";"""";"""";"""";"" "";"""";"""";"""";"""";"""";"""";"""";"""";"""";"""";""-9.5"";"""";"""";"""";"""";"""";""""",
"""06.05.2023 18:00"";""-6.3"";""767.8"";""769.0"";""0.0"";""86"";""Ветер, дующий с юго-юго-запада"";""3"";"""";"""";"""";"" "";"""";"""";"""";"""";"""";"""";"""";"""";"""";"""";""-8.3"";"""";"""";"""";"""";"""";""""",
"""06.05.2023 15:00"";""-5.8"";""767.8"";""769.1"";""0.3"";""86"";""Ветер, дующий с западо-юго-запада"";""2"";"""";"""";"""";"" "";"""";"""";"""";"""";"""";"""";"""";"""";"""";"""";""-7.8"";"""";"""";"""";"""";"""";""""",
"""06.05.2023 12:00"";""-6.0"";""767.5"";""768.7"";""0.5"";""86"";""Ветер, дующий с юго-запада"";""1"";"""";"""";"""";"" "";"""";"""";"""";"""";"""";"""";"""";"""";"""";"""";""-8.0"";"""";"""";"""";"""";"""";""""",
"""06.05.2023 09:00"";""-6.5"";""767.0"";""768.2"";""0.7"";""89"";""Ветер, дующий с запада"";""1"";"""";"""";"""";"" "";"""";"""";"""";"""";"""";"""";"""";"""";"""";"""";""-8.0"";"""";"""";"""";"""";"""";""""",
"""06.05.2023 06:00"";""-7.2"";""766.3"";""767.6"";""0.9"";""93"";""Ветер, дующий с востоко-северо-востока"";""2"";"""";"""";"""";"" "";"""";"""";"""";"""";"""";"""";"""";"""";"""";"""";""-8.1"";"""";"""";"""";"""";"""";""""",
"""06.05.2023 03:00"";""-7.4"";""765.4"";""766.6"";""1.2"";""93"";""Ветер, дующий с северо-северо-востока"";""4"";"""";"""";"""";"" "";"""";"""";"""";"""";"""";"""";"""";"""";"""";"""";""-8.3"";"""";"""";"""";"""";"""";""""",
"""06.05.2023 00:00"";""-7.0"";""764.2"";""765.5"";""1.2"";""92"";""Ветер, дующий с востока"";""5"";"""";"""";"""";"" "";"""";"""";"""";"""";"""";"""";"""";"""";"""";"""";""-8.1"";"""";"""";"""";"""";"""";""""",
"""05.05.2023 21:00"";""-6.6"";""763.0"";""764.2"";""2.0"";""93"";""Ветер, дующий с востоко-северо-востока"";""6"";"""";""13"";"""";"" "";"""";"""";"""";"""";"""";"""";"""";"""";"""";"""";""-7.5"";"""";"""";"""";"""";"""";""""",
"""05.05.2023 18:00"";""-6.3"";""761.0"";""762.2"";""2.2"";""94"";""Ветер, дующий с северо-востока"";""8"";"""";""15"";"""";"" "";"""";"""";"""";"""";"""";"""";"""";"""";"""";"""";""-7.1"";"""";"""";"""";"""";"""";""""",
"""05.05.2023 15:00"";""-5.8"";""758.8"";""760.0"";""3.0"";""94"";""Ветер, дующий с северо-востока"";""10"";"""";""14"";"""";"" "";"""";"""";"""";"""";"""";"""";"""";"""";"""";"""";""-6.6"";"""";"""";"""";"""";"""";""""",
"""05.05.2023 12:00"";""-5.4"";""755.8"";""757.0"";""2.8"";""94"";""Ветер, дующий с северо-востока"";""10"";"""";""14"";"""";"" "";"""";"""";"""";"""";"""";"""";"""";"""";"""";"""";""-6.2"";"""";"""";"""";"""";"""";""""",
"""05.05.2023 09:00"";""-4.0"";""753.0"";""754.2"";""2.1"";""97"";""Ветер, дующий с востоко-северо-востока"";""9"";"""";"""";"""";"" "";"""";"""";"""";"""";"""";"""";"""";"""";"""";"""";""-4.4"";"""";"""";"""";"""";"""";""""",
"""05.05.2023 06:00"";""-2.6"";""750.9"";""752.1"";""0.8"";""100"";""Ветер, дующий с северо-запада"";""3"";"""";"""";"""";"" "";"""";"""";"""";"""";"""";"""";"""";"""";"""";"""";""-2.6"";"""";"""";"""";"""";"""";""""",
"""05.05.2023 03:00"";""-1.6"";""750.1"";""751.3"";""-0.1"";"""";""Ветер, дующий с северо-северо-запада"";""2"";"""";"""";"""";"" "";"""";"""";"""";"""";"""";"""";"""";"""";"""";"""";"""";"""";"""";"""";"""";"""";""""",
"""05.05.2023 00:00"";""-0.1"";""750.2"";""751.4"";""-0.2"";""100"";""Ветер, дующий с запада"";""7"";"""";"""";"""";"" "";"""";"""";"""";"""";"""";"""";"""";"""";"""";"""";""-0.1"";"""";"""";"""";"""";"""";""""",
"""04.05.2023 21:00"";""0.4"";""750.4"";""751.5"";""-0.9"";""100"";""Ветер, дующий с западо-юго-запада"";""7"";"""";"""";"""";"" "";"""";"""";"""";"""";"""";"""";"""";"""";"""";"""";""0.4"";"""";"""";"""";"""";"""";""""",
"""04.05.2023 18:00"";""-1.0"";""751.3"";""752.5"";""-1.5"";""99"";""Ветер, дующий с востоко-юго-востока"";""8"";"""";""18"";"""";"" "";"""";"""";"""";"""";"""";"""";"""";"""";"""";"""";""-1.1"";"""";"""";"""";"""";"""";""""",
"""04.05.2023 15:00"";""-1.9"";""752.8"";""754.0"";""-2.1"";""98"";""Ветер, дующий с востоко-юго-востока"";""13"";"""";""19"";"""";"" "";"""";"""";"""";"""";"""";"""";"""";"""";"""";"""";""-2.2"";"""";"""";"""";"""";"""";""""",
"""04.05.2023 12:00"";""-2.2"";""754.9"";""756.1"";""-1.8"";""97"";""Ветер, дующий с востоко-юго-востока"";""13"";"""";""18"";"""";"" "";"""";"""";"""";"""";"""";"""";"""";"""";"""";"""";""-2.6"";"""";"""";"""";"""";"""";""""",
"""04.05.2023 09:00"";""-2.3"";""756.7"";""757.9"";""-1.3"";""95"";""Ветер, дующий с востоко-юго-востока"";""12"";"""";""17"";"""";"" "";"""";"""";"""";"""";"""";"""";"""";"""";"""";"""";""-3.0"";"""";"""";"""";"""";"""";""""",
"""04.05.2023 06:00"";""-2.5"";""758.0"";""759.2"";""-1.4"";""95"";""Ветер, дующий с востоко-юго-востока"";""12"";"""";""16"";"""";"" "";"""";"""";"""";"""";"""";"""";"""";"""";"""";"""";""-3.2"";"""";"""";"""";"""";"""";""""",
"""04.05.2023 03:00"";""-2.1"";""759.4"";""760.6"";""-1.6"";""95"";""Ветер, дующий с востоко-юго-востока"";""8"";"""";"""";"""";"" "";"""";"""";"""";"""";"""";"""";"""";"""";"""";"""";""-2.8"";"""";"""";"""";"""";"""";""""",
"""04.05.2023 00:00"";""-1.6"";""761.0"";""762.2"";""-0.6"";""91"";""Ветер, дующий с востока"";""5"";"""";"""";"""";"" "";"""";"""";"""";"""";"""";"""";"""";"""";"""";"""";""-2.9"";"""";"""";"""";"""";"""";""""",
"""03.05.2023 21:00"";""-1.7"";""761.6"";""762.9"";""0.4"";""92"";""Ветер, дующий с востоко-юго-востока"";""1"";"""";"""";"""";"" "";"""";"""";"""";"""";"""";"""";"""";"""";"""";"""";""-2.8"";"""";"""";"""";"""";"""";""""",
"""03.05.2023 18:00"";""-0.9"";""761.2"";""762.4"";""1.0"";""93"";""Ветер, дующий с запада"";""3"";"""";"""";"""";"" "";"""";"""";"""";"""";"""";"""";"""";"""";"""";"""";""-1.9"";"""";"""";"""";"""";"""";""""",
"""03.05.2023 15:00"";""0.0"";""760.2"";""761.4"";""2.1"";""93"";""Ветер, дующий с западо-северо-запада"";""7"";"""";""16"";"""";"" "";"""";"""";"""";"""";"""";"""";"""";"""";"""";"""";""-1.0"";"""";"""";"""";"""";"""";""""",
"""03.05.2023 12:00"";""0.5"";""758.1"";""759.3"";""2.3"";""89"";""Ветер, дующий с запада"";""13"";"""";""19"";"""";"" "";"""";"""";"""";"""";"""";"""";"""";"""";"""";"""";""-1.1"";"""";"""";"""";"""";"""";""""",
"""03.05.2023 09:00"";""0.6"";""755.8"";""757.0"";""2.0"";""85"";""Ветер, дующий с запада"";""16"";"""";""23"";"""";"" "";"""";"""";"""";"""";"""";"""";"""";"""";"""";"""";""-1.6"";"""";"""";"""";"""";"""";""""",
"""03.05.2023 06:00"";""0.5"";""753.8"";""755.0"";""0.7"";""85"";""Ветер, дующий с запада"";""19"";"""";""23"";"""";"" "";"""";"""";"""";"""";"""";"""";"""";"""";"""";"""";""-1.7"";"""";"""";"""";"""";"""";""""",
"""03.05.2023 03:00"";""0.5"";""753.1"";""754.3"";""1.5"";""87"";""Ветер, дующий с запада"";""17"";"""";""25"";"""";"" "";"""";"""";"""";"""";"""";"""";"""";"""";"""";"""";""-1.4"";"""";"""";"""";"""";"""";""""",
"""03.05.2023 00:00"";""0.7"";""751.6"";""752.8"";""2.1"";""92"";""Ветер, дующий с запада"";""17"";"""";""22"";"""";"" "";"""";"""";"""";"""";"""";"""";"""";"""";"""";"""";""-0.4"";"""";"""";"""";"""";"""";""""",
"""02.05.2023 21:00"";""0.4"";""749.5"";""750.7"";""1.7"";""98"";""Ветер, дующий с запада"";""18"";"""";""23"";"""";"" "";"""";"""";"""";"""";"""";"""";"""";"""";"""";"""";""0.1"";"""";"""";"""";"""";"""";""""",
"""02.05.2023 18:00"";""0.3"";""747.8"";""749.0"";""0.4"";""98"";""Ветер, дующий с западо-юго-запада"";""16"";"""";""20"";"""";"" "";"""";"""";"""";"""";"""";"""";"""";"""";"""";"""";""0.0"";"""";"""";"""";"""";"""";""""",
"""02.05.2023 15:00"";""0.2"";""747.4"";""748.5"";""-0.3"";""97"";""Ветер, дующий с западо-юго-запада"";""16"";"""";""20"";"""";"" "";"""";"""";"""";"""";"""";"""";"""";"""";"""";"""";""-0.2"";"""";"""";"""";"""";"""";""""",
"""02.05.2023 12:00"";""0.6"";""747.7"";""748.9"";""-1.5"";""98"";""Ветер, дующий с юго-запада"";""9"";"""";""13"";"""";"" "";"""";"""";"""";"""";"""";"""";"""";"""";"""";"""";""0.3"";"""";"""";"""";"""";"""";""""",
"""02.05.2023 09:00"";""0.7"";""749.2"";""750.4"";""-2.8"";""93"";""Ветер, дующий с юга"";""8"";"""";"""";"""";"" "";"""";"""";"""";"""";"""";"""";"""";"""";"""";"""";""-0.3"";"""";"""";"""";"""";"""";""""",
"""02.05.2023 06:00"";""-0.8"";""752.0"";""753.2"";""-3.5"";""90"";""Ветер, дующий с юга"";""9"";"""";""18"";"""";"" "";"""";"""";"""";"""";"""";"""";"""";"""";"""";"""";""-2.2"";"""";"""";"""";"""";"""";""""",
"""02.05.2023 03:00"";""-2.5"";""755.5"";""756.8"";""-3.9"";""88"";""Ветер, дующий с юга"";""13"";"""";""16"";"""";"" "";"""";"""";"""";"""";"""";"""";"""";"""";"""";"""";""-4.2"";"""";"""";"""";"""";"""";""""",
"""02.05.2023 00:00"";""-3.7"";""759.4"";""760.6"";""-3.0"";""87"";""Ветер, дующий с юго-юго-востока"";""8"";"""";"""";"""";"" "";"""";"""";"""";"""";"""";"""";"""";"""";"""";"""";""-5.5"";"""";"""";"""";"""";"""";""""",
"""01.05.2023 21:00"";""-2.4"";""762.4"";""763.6"";""-2.1"";""80"";""Ветер, дующий с юга"";""9"";"""";"""";"""";"" "";"""";"""";"""";"""";"""";"""";"""";"""";"""";"""";""-5.4"";"""";"""";"""";"""";"""";""""",
"""01.05.2023 18:00"";""-2.4"";""764.5"";""765.8"";""-1.5"";""77"";""Ветер, дующий с юга"";""9"";"""";"""";"""";"" "";"""";"""";"""";"""";"""";"""";"""";"""";"""";"""";""-5.9"";"""";"""";"""";"""";"""";""""",
"""01.05.2023 15:00"";""-1.5"";""766.0"";""767.2"";""-1.5"";""85"";""Ветер, дующий с юго-юго-запада"";""7"";"""";"""";"""";"" "";"""";"""";"""";"""";"""";"""";"""";"""";"""";"""";""-3.8"";"""";"""";"""";"""";"""";""""",
"""01.05.2023 12:00"";""-1.5"";""767.5"";""768.7"";""-0.6"";""79"";""Ветер, дующий с юго-юго-запада"";""9"";"""";"""";"""";"" "";"""";"""";"""";"""";"""";"""";"""";"""";"""";"""";""-4.7"";"""";"""";"""";"""";"""";""""",
"""01.05.2023 09:00"";""-2.9"";""768.1"";""769.3"";""-0.9"";""80"";""Ветер, дующий с юго-юго-запада"";""9"";"""";"""";"""";"" "";"""";"""";"""";"""";"""";"""";"""";"""";"""";"""";""-5.9"";"""";"""";"""";"""";"""";""""",
"""01.05.2023 06:00"";""-5.5"";""769.0"";""770.3"";""-1.2"";""85"";""Ветер, дующий с юго-запада"";""9"";"""";"""";"""";"" "";"""";"""";"""";"""";"""";"""";"""";"""";"""";"""";""-7.6"";"""";"""";"""";"""";"""";""""",
"""01.05.2023 03:00"";""-6.6"";""770.2"";""771.4"";""-0.9"";""87"";""Ветер, дующий с юго-юго-запада"";""10"";"""";"""";"""";"" "";"""";"""";"""";"""";"""";"""";"""";"""";"""";"""";""-8.4"";"""";"""";"""";"""";"""";""""",
"""01.05.2023 00:00"";""-7.4"";""771.1"";""772.4"";""-1.1"";""78"";""Ветер, дующий с юго-востока"";""4"";"""";"""";"""";"" "";"""";"""";"""";"""";"""";"""";"""";"""";"""";"""";""-10.6"";"""";"""";"""";"""";"""";""""",
"""30.04.2023 21:00"";""-5.9"";""772.2"";""773.5"";""-0.5"";""68"";""Ветер, дующий с юга"";""5"";"""";"""";"""";"" "";"""";"""";"""";"""";"""";"""";"""";"""";"""";"""";""-10.9"";"""";"""";"""";"""";"""";""""",
"""30.04.2023 18:00"";""-6.6"";""772.7"";""774.0"";""-1.2"";""90"";""Ветер, дующий с юго-юго-востока"";""4"";"""";"""";"""";"" "";"""";"""";"""";"""";"""";"""";"""";"""";"""";"""";""-8.0"";"""";"""";"""";"""";"""";""""",
"""30.04.2023 15:00"";""-5.8"";""773.9"";""775.2"";""-0.4"";""83"";""Ветер, дующий с юго-востока"";""1"";"""";"""";"""";"" "";"""";"""";"""";"""";"""";"""";"""";"""";"""";"""";""-8.2"";"""";"""";"""";"""";"""";""""",
"""30.04.2023 12:00"";""-7.3"";""774.3"";""775.5"";""-0.1"";""91"";""Ветер, дующий с западо-юго-запада"";""3"";"""";"""";"""";"" "";"""";"""";"""";"""";"""";"""";"""";"""";"""";"""";""-8.5"";"""";"""";"""";"""";"""";""""",
"""30.04.2023 09:00"";""-8.3"";""774.4"";""775.6"";""-0.4"";""95"";""Ветер, дующий с юго-юго-запада"";""2"";"""";"""";"""";"" "";"""";"""";"""";"""";"""";"""";"""";"""";"""";"""";""-9.0"";"""";"""";"""";"""";"""";""""",
"""30.04.2023 06:00"";""-9.9"";""774.8"";""776.1"";""-0.3"";""93"";""Ветер, дующий с юго-юго-запада"";""1"";"""";"""";"""";"" "";"""";"""";"""";"""";"""";"""";"""";"""";"""";"""";""-10.8"";"""";"""";"""";"""";"""";""""",
"""30.04.2023 03:00"";""-9.9"";""775.1"";""776.4"";""0.1"";""94"";""Ветер, дующий с юго-запада"";""2"";"""";"""";"""";"" "";"""";"""";"""";"""";"""";"""";"""";"""";"""";"""";""-10.7"";"""";"""";"""";"""";"""";""""",
"""30.04.2023 00:00"";""-10.6"";""775.0"";""776.2"";""0.1"";""94"";""Ветер, дующий с юго-запада"";""2"";"""";"""";"""";"" "";"""";"""";"""";"""";"""";"""";"""";"""";"""";"""";""-11.4"";"""";"""";"""";"""";"""";""""",
"""29.04.2023 21:00"";""-11.1"";""774.9"";""776.2"";""-0.1"";""94"";""Ветер, дующий с юго-юго-запада"";""2"";"""";"""";"""";"" "";"""";"""";"""";"""";"""";"""";"""";"""";"""";"""";""-11.9"";"""";"""";"""";"""";"""";""""",
"""29.04.2023 18:00"";""-8.0"";""775.0"";""776.2"";""0.0"";""92"";""Ветер, дующий с востока"";""2"";"""";"""";"""";"" "";"""";"""";"""";"""";"""";"""";"""";"""";"""";"""";""-9.1"";"""";"""";"""";"""";"""";""""",
"""29.04.2023 15:00"";""-8.0"";""775.0"";""776.2"";""1.0"";""93"";""Ветер, дующий с северо-востока"";""4"";"""";"""";"""";"" "";"""";"""";"""";"""";"""";"""";"""";"""";"""";"""";""-8.9"";"""";"""";"""";"""";"""";""""",
"""29.04.2023 12:00"";""-8.2"";""774.0"";""775.3"";""0.5"";""93"";""Ветер, дующий с востоко-северо-востока"";""5"";"""";"""";"""";"" "";"""";"""";"""";"""";"""";"""";"""";"""";"""";"""";""-9.1"";"""";"""";"""";"""";"""";""""",
"""29.04.2023 09:00"";""-9.9"";""773.5"";""774.7"";""0.6"";""94"";""Ветер, дующий с северо-востока"";""5"";"""";"""";"""";"" "";"""";"""";"""";"""";"""";"""";"""";"""";"""";"""";""-10.7"";"""";"""";"""";"""";"""";""""",
"""29.04.2023 06:00"";""-9.5"";""772.9"";""774.1"";""0.6"";""93"";""Ветер, дующий с северо-северо-востока"";""6"";"""";"""";"""";"" "";"""";"""";"""";"""";"""";"""";"""";"""";"""";"""";""-10.4"";"""";"""";"""";"""";"""";""""",
"""29.04.2023 03:00"";""-8.9"";""772.3"";""773.5"";""0.4"";""95"";""Ветер, дующий с севера"";""5"";"""";"""";"""";"" "";"""";"""";"""";"""";"""";"""";"""";"""";"""";"""";""-9.6"";"""";"""";"""";"""";"""";""""",
"""29.04.2023 00:00"";""-8.4"";""771.9"";""773.2"";""0.4"";""95"";""Ветер, дующий с севера"";""6"";"""";"""";"""";"" "";"""";"""";"""";"""";"""";"""";"""";"""";"""";"""";""-9.1"";"""";"""";"""";"""";"""";""""",
"""28.04.2023 21:00"";""-7.7"";""771.5"";""772.8"";""0.4"";""95"";""Ветер, дующий с северо-северо-востока"";""6"";"""";"""";"""";"" "";"""";"""";"""";"""";"""";"""";"""";"""";"""";"""";""-8.4"";"""";"""";"""";"""";"""";""""",
"""28.04.2023 18:00"";""-7.8"";""771.1"";""772.4"";""0.8"";""93"";""Ветер, дующий с северо-северо-востока"";""7"";"""";"""";"""";"" "";"""";"""";"""";"""";"""";"""";"""";"""";"""";"""";""-8.7"";"""";"""";"""";"""";"""";""""",
"""28.04.2023 15:00"";""-6.5"";""770.3"";""771.5"";""1.6"";""86"";""Ветер, дующий с северо-востока"";""7"";"""";"""";"""";"" "";"""";"""";"""";"""";"""";"""";"""";"""";"""";"""";""-8.5"";"""";"""";"""";"""";"""";""""",
"""28.04.2023 12:00"";""-6.7"";""768.7"";""769.9"";""1.3"";""87"";""Ветер, дующий с северо-востока"";""7"";"""";"""";"""";"" "";"""";"""";"""";"""";"""";"""";"""";"""";"""";"""";""-8.5"";"""";"""";"""";"""";"""";""""",
"""28.04.2023 09:00"";""-7.2"";""767.4"";""768.6"";""0.9"";""88"";""Ветер, дующий с северо-востока"";""8"";"""";"""";"""";"" "";"""";"""";"""";"""";"""";"""";"""";"""";"""";"""";""-8.8"";"""";"""";"""";"""";"""";""""",
"""28.04.2023 06:00"";""-6.5"";""766.5"";""767.7"";""0.4"";""92"";""Ветер, дующий с северо-северо-востока"";""8"";"""";"""";"""";"" "";"""";"""";"""";"""";"""";"""";"""";"""";"""";"""";""-7.6"";"""";"""";"""";"""";"""";""""",
"""28.04.2023 03:00"";""-7.1"";""766.1"";""767.3"";""0.1"";""90"";""Ветер, дующий с северо-востока"";""8"";"""";"""";"""";"" "";"""";"""";"""";"""";"""";"""";"""";"""";"""";"""";""-8.5"";"""";"""";"""";"""";"""";""""",
"""28.04.2023 00:00"";""-8.0"";""766.0"";""767.2"";""0.4"";""94"";""Ветер, дующий с севера"";""7"";"""";"""";"""";"" "";"""";"""";"""";"""";"""";"""";"""";"""";"""";"""";""-8.8"";"""";"""";"""";"""";"""";""""",
"""27.04.2023 21:00"";""-4.2"";""765.6"";""766.8"";""0.2"";""94"";""Ветер, дующий с северо-северо-востока"";""7"";"""";"""";"""";"" "";"""";"""";"""";"""";"""";"""";"""";"""";"""";"""";""-5.0"";"""";"""";"""";"""";"""";""""",
"""27.04.2023 18:00"";""-3.6"";""765.4"";""766.6"";""1.0"";""94"";""Ветер, дующий с северо-северо-востока"";""8"";"""";"""";"""";"" "";"""";"""";"""";"""";"""";"""";"""";"""";"""";"""";""-4.4"";"""";"""";"""";"""";"""";""""",
"""27.04.2023 15:00"";""-2.1"";""764.4"";""765.7"";""1.4"";""87"";""Ветер, дующий с северо-востока"";""7"";"""";""13"";"""";"" "";"""";"""";"""";"""";"""";"""";"""";"""";"""";"""";""-4.0"";"""";"""";"""";"""";"""";""""",
"""27.04.2023 12:00"";""-3.2"";""763.0"";""764.2"";""1.5"";""91"";""Ветер, дующий с востоко-северо-востока"";""9"";"""";""15"";"""";"" "";"""";"""";"""";"""";"""";"""";"""";"""";"""";"""";""-4.5"";"""";"""";"""";"""";"""";""""",
"""27.04.2023 09:00"";""-3.1"";""761.5"";""762.7"";""1.5"";""93"";""Ветер, дующий с северо-востока"";""12"";"""";""16"";"""";"" "";"""";"""";"""";"""";"""";"""";"""";"""";"""";"""";""-4.1"";"""";"""";"""";"""";"""";""""",
"""27.04.2023 06:00"";""-3.7"";""760.0"";""761.2"";""1.8"";""94"";""Ветер, дующий с востоко-северо-востока"";""12"";"""";""16"";"""";"" "";"""";"""";"""";"""";"""";"""";"""";"""";"""";"""";""-4.5"";"""";"""";"""";"""";"""";""",
"""27.04.2023 03:00"";""-3.3"";""758.2"";""759.4"";""1.4"";""95"";""Ветер, дующий с востоко-северо-востока"";""13"";"""";""16"";"""";"" "";"""";"""";"""";"""";"""";"""";"""";"""";"""";"""";""-4.0"";"""";"""";"""";"""";"""";""",
"""27.04.2023 00:00"";""-3.2"";""756.8"";""758.0"";""1.3"";""98"";""Ветер, дующий с востоко-северо-востока"";""11"";"""";""14"";"""";"" "";"""";"""";"""";"""";"""";"""";"""";"""";"""";"""";""-3.5"";"""";"""";"""";"""";"""";""",
"""26.04.2023 21:00"";""-1.6"";""755.5"";""756.7"";""0.8"";""100"";""Ветер, дующий с востока"";""8"";"""";"""";"""";"" "";"""";"""";"""";"""";"""";"""";"""";"""";"""";"""";""-1.6"";"""";"""";"""";"""";"""";""""",
"""26.04.2023 18:00"";""-1.3"";""754.7"";""755.9"";""-0.4"";""99"";""Ветер, дующий с востоко-юго-востока"";""5"";"""";"""";"""";"" "";"""";"""";"""";"""";"""";"""";"""";"""";"""";"""";""-1.4"";"""";"""";"""";"""";"""";""""",
"""26.04.2023 15:00"";""-0.8"";""755.1"";""756.3"";""0.1"";""97"";""Ветер, дующий с юго-запада"";""6"";"""";"""";"""";"" "";"""";"""";"""";"""";"""";"""";"""";"""";"""";"""";""-1.2"";"""";"""";"""";"""";"""";""""",
"""26.04.2023 12:00"";""-0.9"";""755.0"";""756.2"";""1.1"";""93"";""Ветер, дующий с западо-юго-запада"";""4"";"""";"""";"""";"" "";"""";"""";"""";"""";"""";"""";"""";"""";"""";"""";""-1.9"";"""";"""";"""";"""";"""";""""",
"""26.04.2023 09:00"";""-2.3"";""753.9"";""755.2"";""2.2"";""94"";""Ветер, дующий с северо-запада"";""8"";"""";"""";"""";"" "";"""";"""";"""";"""";"""";"""";"""";"""";"""";"""";""-3.1"";"""";"""";"""";"""";"""";""""",
"""26.04.2023 06:00"";""-0.8"";""751.7"";""752.9"";""0.0"";""97"";""Ветер, дующий с запада"";""9"";"""";""17"";"""";"" "";"""";"""";"""";"""";"""";"""";"""";"""";"""";"""";""-1.2"";"""";"""";"""";"""";"""";""""",
"""26.04.2023 03:00"";""-1.3"";""751.7"";""752.9"";""-1.2"";""99"";""Ветер, дующий с западо-юго-запада"";""14"";"""";""18"";"""";"" "";"""";"""";"""";"""";"""";"""";"""";"""";"""";"""";""-1.4"";"""";"""";"""";"""";"""";""""",
"""26.04.2023 00:00"";""-0.9"";""752.9"";""754.1"";""-0.2"";""99"";""Ветер, дующий с западо-юго-запада"";""13"";"""";""16"";"""";"" "";"""";"""";"""";"""";"""";"""";"""";"""";"""";"""";""-1.0"";"""";"""";"""";"""";"""";""""",
"""25.04.2023 21:00"";""-0.4"";""753.1"";""754.3"";""0.2"";""97"";""Ветер, дующий с запада"";""12"";"""";""15"";"""";"" "";"""";"""";"""";"""";"""";"""";"""";"""";"""";"""";""-0.8"";"""";"""";"""";"""";"""";""""",
"""25.04.2023 18:00"";""-0.1"";""752.9"";""754.1"";""0.1"";""95"";""Ветер, дующий с запада"";""12"";"""";""16"";"""";"" "";"""";"""";"""";"""";"""";"""";"""";"""";"""";"""";""-0.8"";"""";"""";"""";"""";"""";""""",
"""25.04.2023 15:00"";""0.1"";""752.8"";""754.0"";""0.8"";""93"";""Ветер, дующий с запада"";""11"";"""";"""";"""";"" "";"""";"""";"""";"""";"""";"""";"""";"""";"""";"""";""-0.9"";"""";"""";"""";"""";"""";""""",
"""25.04.2023 12:00"";""-0.2"";""752.0"";""753.2"";""0.2"";""93"";""Ветер, дующий с запада"";""10"";"""";"""";"""";"" "";"""";"""";"""";"""";"""";"""";"""";"""";"""";"""";""-1.2"";"""";"""";"""";"""";"""";""""",
"""25.04.2023 09:00"";""-3.7"";""751.8"";""753.0"";""0.8"";""98"";""Ветер, дующий с западо-северо-запада"";""7"";"""";"""";"""";"" "";"""";"""";"""";"""";"""";"""";"""";"""";"""";"""";""-4.0"";"""";"""";"""";"""";"""";""""",
"""25.04.2023 06:00"";""-4.7"";""751.0"";""752.2"";""0.3"";""98"";""Ветер, дующий с западо-северо-запада"";""8"";"""";"""";"""";"" "";"""";"""";"""";"""";"""";"""";"""";"""";"""";"""";""-5.0"";"""";"""";"""";"""";"""";""""",
"""25.04.2023 03:00"";""-3.4"";""750.7"";""751.9"";""-0.2"";""97"";""Ветер, дующий с западо-северо-запада"";""8"";"""";"""";"""";"" "";"""";"""";"""";"""";"""";"""";"""";"""";"""";"""";""-3.8"";"""";"""";"""";"""";"""";""""",
"""25.04.2023 00:00"";""-4.7"";""750.9"";""752.1"";""-0.5"";""96"";""Ветер, дующий с юго-юго-запада"";""5"";"""";"""";"""";"" "";"""";"""";"""";"""";"""";"""";"""";"""";"""";"""";""-5.2"";"""";"""";"""";"""";"""";""""",
"""24.04.2023 21:00"";""-3.0"";""751.4"";""752.6"";""0.0"";""94"";""Ветер, дующий с юго-запада"";""7"";"""";"""";"""";"" "";"""";"""";"""";"""";"""";"""";"""";"""";"""";"""";""-3.8"";"""";"""";"""";"""";"""";""""",
"""24.04.2023 18:00"";""-2.6"";""751.4"";""752.6"";""0.3"";""93"";""Ветер, дующий с юго-запада"";""8"";"""";"""";"""";"" "";"""";"""";"""";"""";"""";"""";"""";"""";"""";"""";""-3.6"";"""";"""";"""";"""";"""";""""",
"""24.04.2023 15:00"";""-0.1"";""751.1"";""752.3"";""1.1"";""89"";""Ветер, дующий с запада"";""8"";"""";"""";"""";"" "";"""";"""";"""";"""";"""";"""";"""";"""";"""";"""";""-1.7"";"""";"""";"""";"""";"""";""""",
"""24.04.2023 12:00"";""0.2"";""750.0"";""751.2"";""1.1"";""86"";""Ветер, дующий с запада"";""9"";"""";"""";"""";"" "";"""";"""";"""";"""";"""";"""";"""";"""";"""";"""";""-1.9"";"""";"""";"""";"""";"""";""""",
"""24.04.2023 09:00"";""-2.5"";""748.9"";""750.1"";""0.9"";""93"";""Ветер, дующий с юго-запада"";""6"";"""";"""";"""";"" "";"""";"""";"""";"""";"""";"""";"""";"""";"""";"""";""-3.5"";"""";"""";"""";"""";"""";""""",
"""24.04.2023 06:00"";""-7.0"";""748.0"";""749.2"";""0.2"";""96"";""Ветер, дующий с юго-запада"";""5"";"""";"""";"""";"" "";"""";"""";"""";"""";"""";"""";"""";"""";"""";"""";""-7.5"";"""";"""";"""";"""";"""";""""",
"""24.04.2023 03:00"";""-10.9"";""747.8"";""749.0"";""0.6"";""88"";""Ветер, дующий с юго-запада"";""5"";"""";"""";"""";"" "";"""";"""";"""";"""";"""";"""";"""";"""";"""";"""";""-12.5"";"""";"""";"""";"""";"""";""""",
"""24.04.2023 00:00"";""-4.6"";""747.2"";""748.4"";""0.8"";""84"";""Ветер, дующий с западо-северо-запада"";""9"";"""";""15"";"""";"" "";"""";"""";"""";"""";"""";"""";"""";"""";"""";"""";""-6.9"";"""";"""";"""";"""";"""";""""",
"""23.04.2023 21:00"";""-4.5"";""746.4"";""747.6"";""1.1"";""87"";""Ветер, дующий с северо-запада"";""12"";"""";"""";"""";"" "";"""";"""";"""";"""";"""";"""";"""";"""";"""";"""";""-6.3"";"""";"""";"""";"""";"""";""""",
"""23.04.2023 18:00"";""-4.1"";""745.3"";""746.5"";""1.4"";""94"";""Ветер, дующий с северо-северо-запада"";""12"";"""";""15"";"""";"" "";"""";"""";"""";"""";"""";"""";"""";"""";"""";"""";""-4.9"";"""";"""";"""";"""";"""";""""",
"""23.04.2023 15:00"";""-2.4"";""743.9"";""745.1"";""0.1"";""99"";""Ветер, дующий с севера"";""7"";"""";"""";"""";"" "";"""";"""";"""";"""";"""";"""";"""";"""";"""";"""";""-2.5"";"""";"""";"""";"""";"""";""""",
"""23.04.2023 12:00"";""-2.4"";""743.8"";""745.0"";""-1.1"";""98"";""Ветер, дующий с северо-востока"";""5"";"""";"""";"""";"" "";"""";"""";"""";"""";"""";"""";"""";"""";"""";"""";""-2.7"";"""";"""";"""";"""";"""";""""",
"""23.04.2023 09:00"";""-3.3"";""744.9"";""746.1"";""-1.5"";""98"";""Ветер, дующий с востока"";""6"";"""";"""";"""";"" "";"""";"""";"""";"""";"""";"""";"""";"""";"""";"""";""-3.6"";"""";"""";"""";"""";"""";""""",
"""23.04.2023 06:00"";""-4.3"";""746.4"";""747.6"";""-1.6"";""98"";""Ветер, дующий с юго-востока"";""4"";"""";"""";"""";"" "";"""";"""";"""";"""";"""";"""";"""";"""";"""";"""";""-4.6"";"""";"""";"""";"""";"""";""""",
"""23.04.2023 03:00"";""-4.6"";""748.0"";""749.2"";""-0.9"";""98"";""Ветер, дующий с юга"";""5"";"""";"""";"""";"" "";"""";"""";"""";"""";"""";"""";"""";"""";"""";"""";""-4.9"";"""";"""";"""";"""";"""";""""",
"""23.04.2023 00:00"";""-3.9"";""748.9"";""750.1"";""-1.2"";""98"";""Ветер, дующий с юго-запада"";""4"";"""";"""";"""";"" "";"""";"""";"""";"""";"""";"""";"""";"""";"""";"""";""-4.2"";"""";"""";"""";"""";"""";""""",
"""22.04.2023 21:00"";""-2.8"";""750.1"";""751.3"";""-1.7"";""99"";""Ветер, дующий с востоко-северо-востока"";""2"";"""";"""";"""";"" "";"""";"""";"""";"""";"""";"""";"""";"""";"""";"""";""-2.9"";"""";"""";"""";"""";"""";""""",
"""22.04.2023 18:00"";""-3.7"";""751.8"";""753.0"";""-1.3"";""96"";""Ветер, дующий с востока"";""5"";"""";"""";"""";"" "";"""";"""";"""";"""";"""";"""";"""";"""";"""";"""";""-4.2"";"""";"""";"""";"""";"""";""""",
"""22.04.2023 15:00"";""-4.3"";""753.1"";""754.3"";"""";""89"";""Ветер, дующий с востока"";""4"";"""";"""";"""";"" "";"""";"""";"""";"""";"""";"""";"""";"""";"""";"""";""-5.8"";"""";"""";"""";"""";"""";""""",
"""21.04.2023 09:00"";""-2.1"";""751.3"";""752.5"";""-0.1"";""99"";""Ветер, дующий с западо-северо-запада"";""5"";"""";"""";"""";"" "";"""";"""";"""";"""";"""";"""";"""";"""";"""";"""";""-2.2"";"""";"""";"""";"""";"""";""""",
"""21.04.2023 06:00"";""-3.5"";""751.4"";""752.6"";""-0.2"";""99"";""Ветер, дующий с юго-запада"";""4"";"""";"""";"""";"" "";"""";"""";"""";"""";"""";"""";"""";"""";"""";"""";""-3.6"";"""";"""";"""";"""";"""";""""",
"""21.04.2023 03:00"";""-2.5"";""751.6"";""752.8"";""-0.3"";""100"";""Ветер, дующий с запада"";""4"";"""";"""";"""";"" "";"""";"""";"""";"""";"""";"""";"""";"""";"""";"""";""-2.5"";"""";"""";"""";"""";"""";""""",
"""21.04.2023 00:00"";""-1.9"";""751.9"";""753.1"";""-0.4"";""100"";""Ветер, дующий с западо-северо-запада"";""4"";"""";"""";"""";"" "";"""";"""";"""";"""";"""";"""";"""";"""";"""";"""";""-1.9"";"""";"""";"""";"""";"""";""""",
"""20.04.2023 21:00"";""-1.4"";""752.3"";""753.5"";""-0.6"";""100"";""Ветер, дующий с запада"";""4"";"""";"""";"""";"" "";"""";"""";"""";"""";"""";"""";"""";"""";"""";"""";""-1.4"";"""";"""";"""";"""";"""";""""",
"""20.04.2023 18:00"";""-1.1"";""752.9"";""754.1"";""-0.2"";""100"";""Ветер, дующий с западо-юго-запада"";""5"";"""";"""";"""";"" "";"""";"""";"""";"""";"""";"""";"""";"""";"""";"""";""-1.1"";"""";"""";"""";"""";"""";""""",
"""20.04.2023 15:00"";""-0.8"";""753.1"";""754.3"";""0.2"";""100"";""Ветер, дующий с запада"";""5"";"""";"""";"""";"" "";"""";"""";"""";"""";"""";"""";"""";"""";"""";"""";""-0.8"";"""";"""";"""";"""";"""";""""",
"""20.04.2023 12:00"";""0.0"";""752.9"";""754.0"";""-0.2"";""100"";""Ветер, дующий с западо-юго-запада"";""7"";"""";"""";"""";"" "";"""";"""";"""";"""";"""";"""";"""";"""";"""";"""";""0.0"";"""";"""";"""";"""";"""";""""",
"""20.04.2023 09:00"";""0.0"";""753.1"";""754.3"";""-0.6"";""100"";""Ветер, дующий с западо-юго-запада"";""7"";"""";"""";"""";"" "";"""";"""";"""";"""";"""";"""";"""";"""";"""";"""";""0.0"";"""";"""";"""";"""";"""";""""",
"""20.04.2023 06:00"";""-0.1"";""753.7"";""754.9"";""-0.9"";""100"";""Ветер, дующий с западо-юго-запада"";""6"";"""";"""";"""";"" "";"""";"""";"""";"""";"""";"""";"""";"""";"""";"""";""-0.1"";"""";"""";"""";"""";"""";""""",
"""20.04.2023 03:00"";""-0.7"";""754.6"";""755.8"";""-0.9"";""100"";""Ветер, дующий с запада"";""7"";"""";""14"";"""";"" "";"""";"""";"""";"""";"""";"""";"""";"""";"""";"""";""-0.7"";"""";"""";"""";"""";"""";""""",
"""20.04.2023 00:00"";""-1.6"";""755.5"";""756.8"";""-2.4"";""99"";""Ветер, дующий с юго-запада"";""12"";"""";""15"";"""";"" "";"""";"""";"""";"""";"""";"""";"""";"""";"""";"""";""-1.7"";"""";"""";"""";"""";"""";""""",
"""19.04.2023 21:00"";""-2.0"";""757.9"";""759.1"";""-2.4"";""99"";""Ветер, дующий с юго-запада"";""12"";"""";""15"";"""";"" "";"""";"""";"""";"""";"""";"""";"""";"""";"""";"""";""-2.1"";"""";"""";"""";"""";"""";""""",
"""19.04.2023 18:00"";""-0.9"";""760.3"";""761.5"";""-1.8"";""100"";""Ветер, дующий с запада"";""12"";"""";""14"";"""";"" "";"""";"""";"""";"""";"""";"""";"""";"""";"""";"""";""-0.9"";"""";"""";"""";"""";"""";""""",
"""19.04.2023 15:00"";""0.0"";""762.1"";""763.3"";""-0.9"";""99"";""Ветер, дующий с запада"";""9"";"""";"""";"""";"" "";"""";"""";"""";"""";"""";"""";"""";"""";"""";"""";""-0.1"";"""";"""";"""";"""";"""";""""",
"""19.04.2023 12:00"";""-0.2"";""763.0"";""764.2"";""-1.1"";""99"";""Ветер, дующий с западо-северо-запада"";""9"";"""";""13"";"""";"" "";"""";"""";"""";"""";"""";"""";"""";"""";"""";"""";""-0.3"";"""";"""";"""";"""";"""";""""",
"""19.04.2023 09:00"";""-0.5"";""764.1"";""765.3"";""-1.2"";""100"";""Ветер, дующий с запада"";""8"";"""";"""";"""";"" "";"""";"""";"""";"""";"""";"""";"""";"""";"""";"""";""-0.5"";"""";"""";"""";"""";"""";""""",
"""19.04.2023 06:00"";""-0.8"";""765.3"";""766.5"";""-1.7"";""100"";""Ветер, дующий с запада"";""7"";"""";"""";"""";"" "";"""";"""";"""";"""";"""";"""";"""";"""";"""";"""";""-0.8"";"""";"""";"""";"""";"""";""""",
"""19.04.2023 03:00"";""-1.2"";""767.0"";""768.2"";""-1.7"";""98"";""Ветер, дующий с запада"";""9"";"""";"""";"""";"" "";"""";"""";"""";"""";"""";"""";"""";"""";"""";"""";""-1.5"";"""";"""";"""";"""";"""";""""",
"""19.04.2023 00:00"";""-2.4"";""768.7"";""769.9"";""-1.6"";""94"";""Ветер, дующий с запада"";""8"";"""";"""";"""";"" "";"""";"""";"""";"""";"""";"""";"""";"""";"""";"""";""-3.2"";"""";"""";"""";"""";"""";""""",
"""18.04.2023 21:00"";""-2.7"";""770.3"";""771.6"";""-1.1"";""96"";""Ветер, дующий с запада"";""6"";"""";"""";"""";"" "";"""";"""";"""";"""";"""";"""";"""";"""";"""";"""";""-3.2"";"""";"""";"""";"""";"""";""""",
"""18.04.2023 18:00"";""-4.6"";""771.4"";""772.7"";""-1.2"";""89"";""Ветер, дующий с запада"";""7"";"""";"""";"""";"" "";"""";"""";"""";"""";"""";"""";"""";"""";"""";"""";""-6.1"";"""";"""";"""";"""";"""";""""",
"""18.04.2023 15:00"";""-6.7"";""772.6"";""773.9"";""-0.3"";""87"";""Ветер, дующий с западо-юго-запада"";""7"";"""";"""";"""";"" "";"""";"""";"""";"""";"""";"""";"""";"""";"""";"""";""-8.5"";"""";"""";"""";"""";"""";""""",
"""18.04.2023 12:00"";""-8.2"";""772.9"";""774.2"";""-0.3"";""78"";""Ветер, дующий с западо-юго-запада"";""9"";"""";"""";"""";"" "";"""";"""";"""";"""";"""";"""";"""";"""";"""";"""";""-11.4"";"""";"""";"""";"""";"""";""""",
"""18.04.2023 09:00"";""-10.6"";""773.2"";""774.4"";""0.1"";""78"";""Ветер, дующий с юго-запада"";""8"";"""";"""";"""";"" "";"""";"""";"""";"""";"""";"""";"""";"""";"""";"""";""-13.7"";"""";"""";"""";"""";"""";""""",
"""18.04.2023 06:00"";""-12.9"";""773.1"";""774.4"";""0.1"";""77"";""Ветер, дующий с юго-запада"";""6"";"""";"""";"""";"" "";"""";"""";"""";"""";"""";"""";"""";"""";"""";"""";""-16.1"";"""";"""";"""";"""";"""";""""",
"""18.04.2023 03:00"";""-12.7"";""773.0"";""774.4"";""-0.1"";""79"";""Ветер, дующий с юго-запада"";""2"";"""";"""";"""";"" "";"""";"""";"""";"""";"""";"""";"""";"""";"""";"""";""-15.6"";"""";"""";"""";"""";"""";""""",
"""18.04.2023 00:00"";""-14.1"";""773.1"";""774.4"";""0.1"";""70"";""Ветер, дующий с юго-юго-запада"";""2"";"""";"""";"""";"" "";"""";"""";"""";"""";"""";"""";"""";"""";"""";"""";""-18.4"";"""";"""";"""";"""";"""";""""",
"""17.04.2023 21:00"";""-13.5"";""773.0"";""774.3"";""0.3"";""92"";""Ветер, дующий с юга"";""2"";"""";"""";"""";"" "";"""";"""";"""";"""";"""";"""";"""";"""";"""";"""";""-14.5"";"""";"""";"""";"""";"""";""""",
"""17.04.2023 18:00"";""-12.4"";""772.7"";""774.0"";""0.4"";""89"";""Ветер, дующий с юго-юго-востока"";""3"";"""";"""";"""";"" "";"""";"""";"""";"""";"""";"""";"""";"""";"""";"""";""-13.8"";"""";"""";"""";"""";"""";""""",
"""17.04.2023 15:00"";""-9.7"";""772.3"";""773.5"";""0.8"";""86"";""Ветер, дующий с востоко-юго-востока"";""3"";"""";"""";"""";"" "";"""";"""";"""";"""";"""";"""";"""";"""";"""";"""";""-11.7"";"""";"""";"""";"""";"""";""""",
"""17.04.2023 12:00"";""-9.4"";""771.5"";""772.8"";""0.9"";""84"";""Ветер, дующий с востоко-юго-востока"";""3"";"""";"""";"""";"" "";"""";"""";"""";"""";"""";"""";"""";"""";"""";"""";""-11.7"";"""";"""";"""";"""";"""";""""",
"""17.04.2023 09:00"";""-11.2"";""770.6"";""771.9"";""1.0"";""82"";""Ветер, дующий с юго-востока"";""4"";"""";"""";"""";"" "";"""";"""";"""";"""";"""";"""";"""";"""";"""";"""";""-13.7"";"""";"""";"""";"""";"""";""""",
"""17.04.2023 06:00"";""-12.9"";""769.6"";""770.9"";""0.8"";""78"";""Ветер, дующий с юго-востока"";""4"";"""";"""";"""";"" "";"""";"""";"""";"""";"""";"""";"""";"""";"""";"""";""-15.9"";"""";"""";"""";"""";"""";""""",
"""17.04.2023 03:00"";""-11.6"";""768.8"";""770.1"";""0.5"";""82"";""Ветер, дующий с юго-востока"";""6"";"""";"""";"""";"" "";"""";"""";"""";"""";"""";"""";"""";"""";"""";"""";""-14.1"";"""";"""";"""";"""";"""";""""",
"""17.04.2023 00:00"";""-8.9"";""768.3"";""769.6"";""0.5"";""90"";""Ветер, дующий с юго-востока"";""4"";"""";"""";"""";"" "";"""";"""";"""";"""";"""";"""";"""";"""";"""";"""";""-10.2"";"""";"""";"""";"""";"""";""""",
"""16.04.2023 21:00"";""-6.6"";""767.8"";""769.1"";""0.1"";""95"";""Ветер, дующий с юго-юго-запада"";""7"";"""";"""";"""";"" "";"""";"""";"""";"""";"""";"""";"""";"""";"""";"""";""-7.3"";"""";"""";"""";"""";"""";""""",
"""16.04.2023 18:00"";""-6.9"";""767.7"";""769.0"";""0.9"";""95"";""Ветер, дующий с юго-юго-востока"";""5"";"""";"""";"""";"" "";"""";"""";"""";"""";"""";"""";"""";"""";"""";"""";""-7.6"";"""";"""";"""";"""";"""";""""",
"""16.04.2023 15:00"";""-5.7"";""766.8"";""768.1"";""0.5"";""95"";""Ветер, дующий с юго-востока"";""3"";"""";"""";"""";"" "";"""";"""";"""";"""";"""";"""";"""";"""";"""";"""";""-6.4"";"""";"""";"""";"""";"""";""""",
"""16.04.2023 12:00"";""-4.1"";""766.3"";""767.5"";""0.3"";""97"";""Ветер, дующий с юго-юго-востока"";""4"";"""";"""";"""";"" "";"""";"""";"""";"""";"""";"""";"""";"""";"""";"""";""-4.5"";"""";"""";"""";"""";"""";""""",
"""16.04.2023 09:00"";""-3.6"";""766.0"";""767.3"";""-0.6"";""97"";""Ветер, дующий с юга"";""2"";"""";"""";"""";"" "";"""";"""";"""";"""";"""";"""";"""";"""";"""";"""";""-4.0"";"""";"""";"""";"""";"""";""""",
"""16.04.2023 06:00"";""-5.9"";""766.6"";""767.8"";""-0.8"";""96"";""Ветер, дующий с запада"";""4"";"""";"""";"""";"" "";"""";"""";"""";"""";"""";"""";"""";"""";"""";"""";""-6.4"";"""";"""";"""";"""";"""";""""",
"""16.04.2023 03:00"";""-9.0"";""767.4"";""768.7"";""-1.1"";""89"";""Ветер, дующий с запада"";""5"";"""";"""";"""";"" "";"""";"""";"""";"""";"""";"""";"""";"""";"""";"""";""-10.5"";"""";"""";"""";"""";"""";""""",
"""16.04.2023 00:00"";""-10.7"";""768.5"";""769.8"";""-1.5"";""90"";""Ветер, дующий с западо-юго-запада"";""5"";"""";"""";"""";"" "";"""";"""";"""";"""";"""";"""";"""";"""";"""";"""";""-12.0"";"""";"""";"""";"""";"""";""""",
"""15.04.2023 21:00"";""-17.5"";""770.0"";""771.3"";""-0.8"";""87"";""Ветер, дующий с западо-юго-запада"";""3"";"""";"""";"""";"" "";"""";"""";"""";"""";"""";"""";"""";"""";"""";"""";""-19.1"";"""";"""";"""";"""";"""";""""",
"""15.04.2023 18:00"";""-11.7"";""770.8"";""772.0"";""0.0"";""82"";""Ветер, дующий с севера"";""2"";"""";"""";"""";"" "";"""";"""";"""";"""";"""";"""";"""";"""";"""";"""";""-14.2"";"""";"""";"""";"""";"""";""""",
"""15.04.2023 15:00"";""-10.5"";""770.8"";""772.0"";""0.9"";""83"";""Ветер, дующий с севера"";""4"";"""";"""";"""";"" "";"""";"""";"""";"""";"""";"""";"""";"""";"""";"""";""-12.8"";"""";"""";"""";"""";"""";""""",
"""15.04.2023 12:00"";""-10.5"";""769.9"";""771.2"";""1.4"";""92"";""Ветер, дующий с северо-северо-востока"";""4"";"""";"""";"""";"" "";"""";"""";"""";"""";"""";"""";"""";"""";"""";"""";""-11.5"";"""";"""";"""";"""";"""";""""",
"""15.04.2023 09:00"";""-11.5"";""768.5"";""769.8"";""1.4"";""91"";""Ветер, дующий с северо-востока"";""6"";"""";"""";"""";"" "";"""";"""";"""";"""";"""";"""";"""";"""";"""";"""";""-12.7"";"""";"""";"""";"""";"""";""""",
"""15.04.2023 06:00"";""-11.9"";""767.1"";""768.4"";""1.4"";""92"";""Ветер, дующий с северо-северо-востока"";""6"";"""";"""";"""";"" "";"""";"""";"""";"""";"""";"""";"""";"""";"""";"""";""-12.9"";"""";"""";"""";"""";"""";""""",
"""15.04.2023 03:00"";""-11.4"";""765.7"";""766.9"";""1.5"";""91"";""Ветер, дующий с северо-северо-востока"";""6"";"""";"""";"""";"" "";"""";"""";"""";"""";"""";"""";"""";"""";"""";"""";""-12.6"";"""";"""";"""";"""";"""";""""",
"""15.04.2023 00:00"";""-9.8"";""764.2"";""765.5"";""1.3"";""87"";""Ветер, дующий с севера"";""7"";"""";"""";"""";"" "";"""";"""";"""";"""";"""";"""";"""";"""";"""";"""";""-11.6"";"""";"""";"""";"""";"""";""""",
